{
  "glow-coded.com": {
    "gsc": {
      "clicks": 10,
      "impressions": 1167,
      "ctr": 0.8568980291345331,
      "position": 25.339331619537276
    },
    "ahrefs": {
      "dr": 10.0,
      "backlinks": 293,
      "refdomains": 22,
      "organic_kw_count": 0
    }
  },
  "rooted-glow.com": {
    "gsc": {
      "clicks": 7,
      "impressions": 802,
      "ctr": 0.8728179551122194,
      "position": 32.38279301745636
    },
    "ahrefs": {
      "dr": 10.0,
      "backlinks": 308,
      "refdomains": 22,
      "organic_kw_count": 0
    }
  },
  "build-coded.com": {
    "gsc": {
      "clicks": 20,
      "impressions": 2636,
      "ctr": 0.7587253414264037,
      "position": 26.677162367223065
    },
    "ahrefs": {
      "dr": 7.0,
      "backlinks": 15,
      "refdomains": 14,
      "organic_kw_count": 5
    }
  }
}