{
  "glow-coded.com": {
    "gsc": {
      "clicks": 9,
      "impressions": 738,
      "ctr": 1.2195121951219512,
      "position": 24.031165311653115
    },
    "ahrefs": {
      "dr": 7.0,
      "backlinks": 212,
      "refdomains": 19,
      "organic_kw_count": 1
    }
  },
  "rooted-glow.com": {
    "gsc": {
      "clicks": 1,
      "impressions": 332,
      "ctr": 0.30120481927710846,
      "position": 36.243975903614455
    },
    "ahrefs": {
      "dr": 6.0,
      "backlinks": 236,
      "refdomains": 19,
      "organic_kw_count": 1
    }
  }
}